a scientist or a mathematician who had altered history with his idea said it was the boys who I think [MASK] lost,N-pl,1
a gregarious guy with a full head of silver hair and a stocky frame said it was the girls who I think [MASK] lost,N-pl,1
a doughy redheaded guy who had sad green eyes and wrinkled clothing said it was the patients who I think [MASK] lost,N-pl,1
the individual seeking revenge because his brother had been killed said it was the parents who I think [MASK] lost,N-pl,1
a tall and rangy guy with stomach muscles as hard as a turtle's shell said it was the men who I think [MASK] lost,N-pl,1
a professional engineer who specializes in embedded systems design said it was the women who I think [MASK] lost,N-pl,1
an anxious young scientist packing for his first field expedition said it was the neighbors who I think [MASK] angry,N-pl,1
a guy who'd graduated last year and was still hanging around town said it was the teachers who I think [MASK] sick,N-pl,1
the engineer handling the asbestos removal from our old building said it was the lawyers who I think [MASK] upset,N-pl,1
a world leader willing to stand up to the environmental movement said it was the reporters who I think [MASK] upset,N-pl,1
a scientist who wanted nothing less than to reinvent his science said it was the coaches who I think [MASK] upset,N-pl,1
a political scientist who has examined the subject painstakingly said it was the customers who I think [MASK] upset,N-pl,1
an old guy sitting at the wet bar near one end of the pool table said it was the officers who I think [MASK] angry,N-pl,1
an earnest young guy in a white shortsleeved shirt and black tie said it was the patrons who I think [MASK] angry,N-pl,1
an agricultural scientist who's introducing me to farmers nearby said it was the babies who I think [MASK] sick,N-pl,1
an acquaintance who had taken a dislike to his brother's fiancee said it was the authors who I think [MASK] upset,N-pl,1
a guy with yellow board shorts and bleached blond curls said it was the nurses who I think [MASK] upset,N-pl,1
a good friend whom she had arranged to drive her to the hospital said it was the instructors who I think [MASK] upset,N-pl,1
a good friend whom he hasn't spoken with in more than five years said it was the teenagers who I think [MASK] upset,N-pl,1
a certified behavioral expert in five different sentient species said it was the cousins who I think [MASK] upset,N-pl,1
a candidate that was not the preferred candidate of the military said it was the boy who I think [MASK] lost,N-sg,1
the stranger with the clipboard standing outside his front door said it was the girl who I think [MASK] lost,N-sg,1
the scientist of marine biology she has always dreamed of being said it was the patient who I think [MASK] lost,N-sg,1
the owner of the house and the one who had set fire to the barn said it was the parent who I think [MASK] lost,N-sg,1
the actor originally chosen for the part of the lynching victim said it was the man who I think [MASK] lost,N-sg,1
a guy you go to when you have complex and intricate legal problems said it was the woman who I think [MASK] lost,N-sg,1
a guy who wants everyone to know he's read dozens of such books said it was the neighbor who I think [MASK] angry,N-sg,1
a guy who never did anything as complicated as this in his life said it was the teacher who I think [MASK] sick,N-sg,1
a brash young player who had been a professional for five years said it was the lawyer who I think [MASK] upset,N-sg,1
the school social worker who never says what she really thinks said it was the reporter who I think [MASK] upset,N-sg,1
the project's conceptual and operational leader from the start said it was the coach who I think [MASK] upset,N-sg,1
the only survivor who chose to speak at his sentencing hearing said it was the customer who I think [MASK] upset,N-sg,1
the guy whose grandfather's illness caused him to miss classes said it was the officer who I think [MASK] angry,N-sg,1
the engineer who applied techniques used to boost fuel economy said it was the patron who I think [MASK] angry,N-sg,1
the child examined by a physician to rule out medical problems said it was the baby who I think [MASK] sick,N-sg,1
the charismatic leader who gives rousing motivational speeches said it was the author who I think [MASK] upset,N-sg,1
a stranger hurrying as fast as he could over the icy sidewalks said it was the nurse who I think [MASK] upset,N-sg,1
an expert in psychometric testing who called back the next day said it was the instructor who I think [MASK] upset,N-sg,1
an authoritative and confident leader within your organization said it was the teenager who I think [MASK] upset,N-sg,1
a guy who did not even warm up with the team prior to the game said it was the cousin who I think [MASK] upset,N-sg,1
a scientist or a mathematician who had altered history with his idea said it was the boys who I think you said [MASK] lost,N-pl,2
a gregarious guy with a full head of silver hair and a stocky frame said it was the girls who I think you said [MASK] lost,N-pl,2
a doughy redheaded guy who had sad green eyes and wrinkled clothing said it was the patients who I think you said [MASK] lost,N-pl,2
the individual seeking revenge because his brother had been killed said it was the parents who I think you said [MASK] lost,N-pl,2
a tall guy with stomach muscles as hard as a turtle's shell said it was the men who I think you said [MASK] lost,N-pl,2
a professional engineer who specializes in embedded systems design said it was the women who I think you said [MASK] lost,N-pl,2
an anxious young scientist packing for his first field expedition said it was the neighbors who I think you said [MASK] angry,N-pl,2
a guy who'd graduated last year and was still hanging around town said it was the teachers who I think you said [MASK] sick,N-pl,2
the engineer handling the asbestos removal from our old building said it was the lawyers who I think you said [MASK] upset,N-pl,2
a world leader willing to stand up to the environmental movement said it was the reporters who I think you said [MASK] upset,N-pl,2
a scientist who wanted nothing less than to reinvent his science said it was the coaches who I think you said [MASK] upset,N-pl,2
a political scientist who has examined the subject painstakingly said it was the customers who I think you said [MASK] upset,N-pl,2
an old guy sitting at the wet bar near one end of the pool table said it was the officers who I think you said [MASK] angry,N-pl,2
an earnest young guy in a white shortsleeved shirt and black tie said it was the patrons who I think you said [MASK] angry,N-pl,2
an agricultural scientist who's introducing me to farmers nearby said it was the babies who I think you said [MASK] sick,N-pl,2
an acquaintance who had taken a dislike to his brother's fiancee said it was the authors who I think you said [MASK] upset,N-pl,2
a guy with yellow board shorts and bleached blond curls said it was the nurses who I think you said [MASK] upset,N-pl,2
a good friend whom she had arranged to drive her to the hospital said it was the instructors who I think you said [MASK] upset,N-pl,2
a good friend whom he hasn't spoken with in more than five years said it was the teenagers who I think you said [MASK] upset,N-pl,2
a certified behavioral expert in five different sentient species said it was the cousins who I think you said [MASK] upset,N-pl,2
a candidate that was not the preferred candidate of the military said it was the boy who I think you said [MASK] lost,N-sg,2
the stranger with the clipboard standing outside his front door said it was the girl who I think you said [MASK] lost,N-sg,2
the scientist of marine biology she has always dreamed of being said it was the patient who I think you said [MASK] lost,N-sg,2
the owner of the house and the one who had set fire to the barn said it was the parent who I think you said [MASK] lost,N-sg,2
the actor originally chosen for the part of the lynching victim said it was the man who I think you said [MASK] lost,N-sg,2
a guy you go to when you have complex and intricate legal problems said it was the woman who I think you said [MASK] lost,N-sg,2
a guy who wants everyone to know he's read dozens of such books said it was the neighbor who I think you said [MASK] angry,N-sg,2
a guy who never did anything as complicated as this in his life said it was the teacher who I think you said [MASK] sick,N-sg,2
a brash young player who had been a professional for five years said it was the lawyer who I think you said [MASK] upset,N-sg,2
the school social worker who never says what she really thinks said it was the reporter who I think you said [MASK] upset,N-sg,2
the project's conceptual and operational leader from the start said it was the coach who I think you said [MASK] upset,N-sg,2
the only survivor who chose to speak at his sentencing hearing said it was the customer who I think you said [MASK] upset,N-sg,2
the guy whose grandfather's illness caused him to miss classes said it was the officer who I think you said [MASK] angry,N-sg,2
the engineer who applied techniques used to boost fuel economy said it was the patron who I think you said [MASK] angry,N-sg,2
the child examined by a physician to rule out medical problems said it was the baby who I think you said [MASK] sick,N-sg,2
the charismatic leader who gives rousing motivational speeches said it was the author who I think you said [MASK] upset,N-sg,2
a stranger hurrying as fast as he could over the icy sidewalks said it was the nurse who I think you said [MASK] upset,N-sg,2
an expert in psychometric testing who called back the next day said it was the instructor who I think you said [MASK] upset,N-sg,2
an authoritative and confident leader within your organization said it was the teenager who I think you said [MASK] upset,N-sg,2
a guy who did not even warm up with the team prior to the game said it was the cousin who I think you said [MASK] upset,N-sg,2
a scientist or a mathematician who had altered history with his idea said it was the boys who I think you said you thought [MASK] lost,N-pl,3
a gregarious guy with a full head of silver hair and a stocky frame said it was the girls who I think you said you thought [MASK] lost,N-pl,3
a doughy redheaded guy who had sad green eyes and wrinkled clothing said it was the patients who I think you said you thought [MASK] lost,N-pl,3
the individual seeking revenge because his brother had been killed said it was the parents who I think you said you thought [MASK] lost,N-pl,3
a tall and rangy guy with stomach muscles as hard as a turtle's shell said it was the men who I think you said you thought [MASK] lost,N-pl,3
a professional engineer who specializes in embedded systems design said it was the women who I think you said you thought [MASK] lost,N-pl,3
an anxious young scientist packing for his first field expedition said it was the neighbors who I think you said you thought [MASK] angry,N-pl,3
a guy who'd graduated last year and was still hanging around town said it was the teachers who I think you said you thought [MASK] sick,N-pl,3
the engineer handling the asbestos removal from our old building said it was the lawyers who I think you said you thought [MASK] upset,N-pl,3
a world leader willing to stand up to the environmental movement said it was the reporters who I think you said you thought [MASK] upset,N-pl,3
a scientist who wanted nothing less than to reinvent his science said it was the coaches who I think you said you thought [MASK] upset,N-pl,3
a political scientist who has examined the subject painstakingly said it was the customers who I think you said you thought [MASK] upset,N-pl,3
an old guy sitting at the wet bar near one end of the pool table said it was the officers who I think you said you thought [MASK] angry,N-pl,3
an earnest young guy in a white shortsleeved shirt and black tie said it was the patrons who I think you said you thought [MASK] angry,N-pl,3
an agricultural scientist who's introducing me to farmers nearby said it was the babies who I think you said you thought [MASK] sick,N-pl,3
an acquaintance who had taken a dislike to his brother's fiancee said it was the authors who I think you said you thought [MASK] upset,N-pl,3
a guy with yellow board shorts and bleached blond curls said it was the nurses who I think you said you thought [MASK] upset,N-pl,3
a good friend whom she had arranged to drive her to the hospital said it was the instructors who I think you said you thought [MASK] upset,N-pl,3
a good friend whom he hasn't spoken with in more than five years said it was the teenagers who I think you said you thought [MASK] upset,N-pl,3
a certified behavioral expert in five different sentient species said it was the cousins who I think you said you thought [MASK] upset,N-pl,3
a candidate that was not the preferred candidate of the military said it was the boy who I think you said you thought [MASK] lost,N-sg,3
the stranger with the clipboard standing outside his front door said it was the girl who I think you said you thought [MASK] lost,N-sg,3
the scientist of marine biology she has always dreamed of being said it was the patient who I think you said you thought [MASK] lost,N-sg,3
the owner of the house and the one who had set fire to the barn said it was the parent who I think you said you thought [MASK] lost,N-sg,3
the actor originally chosen for the part of the lynching victim said it was the man who I think you said you thought [MASK] lost,N-sg,3
a guy you go to when you have complex and intricate legal problems said it was the woman who I think you said you thought [MASK] lost,N-sg,3
a guy who wants everyone to know he's read dozens of such books said it was the neighbor who I think you said you thought [MASK] angry,N-sg,3
a guy who never did anything as complicated as this in his life said it was the teacher who I think you said you thought [MASK] sick,N-sg,3
a brash young player who had been a professional for five years said it was the lawyer who I think you said you thought [MASK] upset,N-sg,3
the school social worker who never says what she really thinks said it was the reporter who I think you said you thought [MASK] upset,N-sg,3
the project's conceptual and operational leader from the start said it was the coach who I think you said you thought [MASK] upset,N-sg,3
the only survivor who chose to speak at his sentencing hearing said it was the customer who I think you said you thought [MASK] upset,N-sg,3
the guy whose grandfather's illness caused him to miss classes said it was the officer who I think you said you thought [MASK] angry,N-sg,3
the engineer who applied techniques used to boost fuel economy said it was the patron who I think you said you thought [MASK] angry,N-sg,3
the child examined by a physician to rule out medical problems said it was the baby who I think you said you thought [MASK] sick,N-sg,3
the charismatic leader who gives rousing motivational speeches said it was the author who I think you said you thought [MASK] upset,N-sg,3
a stranger hurrying as fast as he could over the icy sidewalks said it was the nurse who I think you said you thought [MASK] upset,N-sg,3
an expert in psychometric testing who called back the next day said it was the instructor who I think you said you thought [MASK] upset,N-sg,3
an authoritative and confident leader within your organization said it was the teenager who I think you said you thought [MASK] upset,N-sg,3
a guy who did not even warm up with the team prior to the game said it was the cousin who I think you said you thought [MASK] upset,N-sg,3
a scientist or a mathematician who had altered history with his idea said it was the boys who people believe I think you said you thought [MASK] lost,N-pl,4
a gregarious guy with a full head of silver hair and a stocky frame said it was the girls who people believe I think you said you thought [MASK] lost,N-pl,4
a doughy redheaded guy who had sad green eyes and wrinkled clothing said it was the patients who people believe I think you said you thought [MASK] lost,N-pl,4
the individual seeking revenge because his brother had been killed said it was the parents who people believe I think you said you thought [MASK] lost,N-pl,4
a tall and rangy guy with stomach muscles as hard as a turtle's shell said it was the men who people believe I think you said you thought [MASK] lost,N-pl,4
a professional engineer who specializes in embedded systems design said it was the women who people believe I think you said you thought [MASK] lost,N-pl,4
an anxious young scientist packing for his first field expedition said it was the neighbors who people believe I think you said you thought [MASK] angry,N-pl,4
a guy who'd graduated last year and was still hanging around town said it was the teachers who people believe I think you said you thought [MASK] sick,N-pl,4
the engineer handling the asbestos removal from our old building said it was the lawyers who people believe I think you said you thought [MASK] upset,N-pl,4
a world leader willing to stand up to the environmental movement said it was the reporters who people believe I think you said you thought [MASK] upset,N-pl,4
a scientist who wanted nothing less than to reinvent his science said it was the coaches who people believe I think you said you thought [MASK] upset,N-pl,4
a political scientist who has examined the subject painstakingly said it was the customers who people believe I think you said you thought [MASK] upset,N-pl,4
an old guy sitting at the wet bar near one end of the pool table said it was the officers who people believe I think you said you thought [MASK] angry,N-pl,4
an earnest young guy in a white shortsleeved shirt and black tie said it was the patrons who people believe I think you said you thought [MASK] angry,N-pl,4
an agricultural scientist who's introducing me to farmers nearby said it was the babies who people believe I think you said you thought [MASK] sick,N-pl,4
an acquaintance who had taken a dislike to his brother's fiancee said it was the authors who people believe I think you said you thought [MASK] upset,N-pl,4
a guy with yellow board shorts and bleached blond curls said it was the nurses who people believe I think you said you thought [MASK] upset,N-pl,4
a good friend whom she had arranged to drive her to the hospital said it was the instructors who people believe I think you said you thought [MASK] upset,N-pl,4
a good friend whom he hasn't spoken with in more than five years said it was the teenagers who people believe I think you said you thought [MASK] upset,N-pl,4
a certified behavioral expert in five different sentient species said it was the cousins who people believe I think you said you thought [MASK] upset,N-pl,4
a candidate that was not the preferred candidate of the military said it was the boy who people believe I think you said you thought [MASK] lost,N-sg,4
the stranger with the clipboard standing outside his front door said it was the girl who people believe I think you said you thought [MASK] lost,N-sg,4
the scientist of marine biology she has always dreamed of being said it was the patient who people believe I think you said you thought [MASK] lost,N-sg,4
the owner of the house and the one who had set fire to the barn said it was the parent who people believe I think you said you thought [MASK] lost,N-sg,4
the actor originally chosen for the part of the lynching victim said it was the man who people believe I think you said you thought [MASK] lost,N-sg,4
a guy you go to when you have complex and intricate legal problems said it was the woman who people believe I think you said you thought [MASK] lost,N-sg,4
a guy who wants everyone to know he's read dozens of such books said it was the neighbor who people believe I think you said you thought [MASK] angry,N-sg,4
a guy who never did anything as complicated as this in his life said it was the teacher who people believe I think you said you thought [MASK] sick,N-sg,4
a brash young player who had been a professional for five years said it was the lawyer who people believe I think you said you thought [MASK] upset,N-sg,4
the school social worker who never says what she really thinks said it was the reporter who people believe I think you said you thought [MASK] upset,N-sg,4
the project's conceptual and operational leader from the start said it was the coach who people believe I think you said you thought [MASK] upset,N-sg,4
the only survivor who chose to speak at his sentencing hearing said it was the customer who people believe I think you said you thought [MASK] upset,N-sg,4
the guy whose grandfather's illness caused him to miss classes said it was the officer who people believe I think you said you thought [MASK] angry,N-sg,4
the engineer who applied techniques used to boost fuel economy said it was the patron who people believe I think you said you thought [MASK] angry,N-sg,4
the child examined by a physician to rule out medical problems said it was the baby who people believe I think you said you thought [MASK] sick,N-sg,4
the charismatic leader who gives rousing motivational speeches said it was the author who people believe I think you said you thought [MASK] upset,N-sg,4
a stranger hurrying as fast as he could over the icy sidewalks said it was the nurse who people believe I think you said you thought [MASK] upset,N-sg,4
an expert in psychometric testing who called back the next day said it was the instructor who people believe I think you said you thought [MASK] upset,N-sg,4
an authoritative and confident leader within your organization said it was the teenager who people believe I think you said you thought [MASK] upset,N-sg,4
a guy who did not even warm up with the team prior to the game said it was the cousin who people believe I think you said you thought [MASK] upset,N-sg,4
