some witnesses said that it was the boys who I think [MASK] lost,N-pl,1
some travelers thought that it was the girls who I think [MASK] lost,N-pl,1
some survivors knew that it was the patients who I think [MASK] lost,N-pl,1
some observers believed that it was the parents who I think [MASK] lost,N-pl,1
some fugitives meant that it was the men who I think [MASK] lost,N-pl,1
some engineers found that it was the women who I think [MASK] lost,N-pl,1
some employers saw that it was the neighbors who I think [MASK] angry,N-pl,1
some customers realized that it was the teachers who I think [MASK] sick,N-pl,1
most witnesses suggested that it was the lawyers who I think [MASK] upset,N-pl,1
most travelers hoped that it was the reporters who I think [MASK] upset,N-pl,1
most strangers showed that it was the coaches who I think [MASK] upset,N-pl,1
most observers felt that it was the customers who I think [MASK] upset,N-pl,1
most employers wished that it was the officers who I think [MASK] angry,N-pl,1
most customers noted that it was the patrons who I think [MASK] angry,N-pl,1
many witnesses heard that it was the babies who I think [MASK] sick,N-pl,1
many travelers claimed that it was the authors who I think [MASK] upset,N-pl,1
many survivors assumed that it was the nurses who I think [MASK] upset,N-pl,1
many observers guessed that it was the instructors who I think [MASK] upset,N-pl,1
many engineers argued that it was the teenagers who I think [MASK] upset,N-pl,1
many employers decided that it was the cousins who I think [MASK] upset,N-pl,1
many customers understood that it was the boy who I think [MASK] lost,N-sg,1
most leaders reported that it was the girl who I think [MASK] lost,N-sg,1
most experts discovered that it was the patient who I think [MASK] lost,N-sg,1
many workers indicated that it was the parent who I think [MASK] lost,N-sg,1
many players ensured that it was the man who I think [MASK] lost,N-sg,1
many friends insisted that it was the woman who I think [MASK] lost,N-sg,1
many experts noticed that it was the neighbor who I think [MASK] angry,N-sg,1
all actors announced that it was the teacher who I think [MASK] sick,N-sg,1
some guys remembered that it was the lawyer who I think [MASK] upset,N-sg,1
most guys imagined that it was the reporter who I think [MASK] upset,N-sg,1
many guys admitted that it was the coach who I think [MASK] upset,N-sg,1
the guys suspected that it was the customer who I think [MASK] upset,N-sg,1
a naval engineer figured that it was the officer who I think [MASK] angry,N-sg,1
an author friend revealed that it was the patron who I think [MASK] angry,N-sg,1
an ailing friend supposed that it was the baby who I think [MASK] sick,N-sg,1
an adopted child estimated that it was the author who I think [MASK] upset,N-sg,1
an actual expert explained that it was the nurse who I think [MASK] upset,N-sg,1
an active player proved that it was the instructor who I think [MASK] upset,N-sg,1
an active leader agreed that it was the teenager who I think [MASK] upset,N-sg,1
a mystery player feared that it was the cousin who I think [MASK] upset,N-sg,1
a murder suspect said that it was the boys who I think you said [MASK] lost,N-pl,2
a motorcycle guy thought that it was the girls who I think you said [MASK] lost,N-pl,2
a migrant worker knew that it was the patients who I think you said [MASK] lost,N-pl,2
a medical worker believed that it was the parents who I think you said [MASK] lost,N-pl,2
a medical expert meant that it was the men who I think you said [MASK] lost,N-pl,2
a master gambler found that it was the women who I think you said [MASK] lost,N-pl,2
a man saw that it was the neighbors who I think you said [MASK] angry,N-pl,2
a majority owner realized that it was the teachers who I think you said [MASK] sick,N-pl,2
a woman suggested that it was the lawyers who I think you said [MASK] upset,N-pl,2
a customer hoped that it was the reporters who I think you said [MASK] upset,N-pl,2
a loyal customer showed that it was the coaches who I think you said [MASK] upset,N-pl,2
a local survivor felt that it was the customers who I think you said [MASK] upset,N-pl,2
a kitchen worker wished that it was the officers who I think you said [MASK] angry,N-pl,2
a hardheaded guy noted that it was the patrons who I think you said [MASK] angry,N-pl,2
a happy customer heard that it was the babies who I think you said [MASK] sick,N-pl,2
a guy with a gun claimed that it was the authors who I think you said [MASK] upset,N-pl,2
a guy my own age assumed that it was the nurses who I think you said [MASK] upset,N-pl,2
a guy in a truck guessed that it was the instructors who I think you said [MASK] upset,N-pl,2
a kid argued that it was the teenagers who I think you said [MASK] upset,N-pl,2
a great observer decided that it was the cousins who I think you said [MASK] upset,N-pl,2
a good scientist understood that it was the boy who I think you said [MASK] lost,N-sg,2
a good pet owner reported that it was the girl who I think you said [MASK] lost,N-sg,2
a good candidate discovered that it was the patient who I think you said [MASK] lost,N-sg,2
a golfing friend indicated that it was the parent who I think you said [MASK] lost,N-sg,2
a friend's child ensured that it was the man who I think you said [MASK] lost,N-sg,2
a friend of ours insisted that it was the woman who I think you said [MASK] lost,N-sg,2
a friend of mine noticed that it was the neighbor who I think you said [MASK] angry,N-sg,2
a friend of hers announced that it was the teacher who I think you said [MASK] sick,N-sg,2
a friend in need remembered that it was the lawyer who I think you said [MASK] upset,N-sg,2
a former suspect imagined that it was the reporter who I think you said [MASK] upset,N-sg,2
a foreign leader admitted that it was the coach who I think you said [MASK] upset,N-sg,2
a foreign expert suspected that it was the customer who I think you said [MASK] upset,N-sg,2
a food scientist figured that it was the officer who I think you said [MASK] angry,N-sg,2
a female admirer revealed that it was the patron who I think you said [MASK] angry,N-sg,2
a federal worker supposed that it was the baby who I think you said [MASK] sick,N-sg,2
a fascist leader estimated that it was the author who I think you said [MASK] upset,N-sg,2
a factory worker explained that it was the nurse who I think you said [MASK] upset,N-sg,2
a dynamic player proved that it was the instructor who I think you said [MASK] upset,N-sg,2
a dramatic actor agreed that it was the teenager who I think you said [MASK] upset,N-sg,2
someone feared that it was the cousin who I think you said [MASK] upset,N-sg,2
some witnesses said that it was the boys who I think you said you thought [MASK] lost,N-pl,3
some travelers thought that it was the girls who I think you said you thought [MASK] lost,N-pl,3
some survivors knew that it was the patients who I think you said you thought [MASK] lost,N-pl,3
some observers believed that it was the parents who I think you said you thought [MASK] lost,N-pl,3
some fugitives meant that it was the men who I think you said you thought [MASK] lost,N-pl,3
some engineers found that it was the women who I think you said you thought [MASK] lost,N-pl,3
some employers saw that it was the neighbors who I think you said you thought [MASK] angry,N-pl,3
some customers realized that it was the teachers who I think you said you thought [MASK] sick,N-pl,3
most witnesses suggested that it was the lawyers who I think you said you thought [MASK] upset,N-pl,3
most travelers hoped that it was the reporters who I think you said you thought [MASK] upset,N-pl,3
most strangers showed that it was the coaches who I think you said you thought [MASK] upset,N-pl,3
most observers felt that it was the customers who I think you said you thought [MASK] upset,N-pl,3
most employers wished that it was the officers who I think you said you thought [MASK] angry,N-pl,3
most customers noted that it was the patrons who I think you said you thought [MASK] angry,N-pl,3
many witnesses heard that it was the babies who I think you said you thought [MASK] sick,N-pl,3
many travelers claimed that it was the authors who I think you said you thought [MASK] upset,N-pl,3
many survivors assumed that it was the nurses who I think you said you thought [MASK] upset,N-pl,3
many observers guessed that it was the instructors who I think you said you thought [MASK] upset,N-pl,3
many engineers argued that it was the teenagers who I think you said you thought [MASK] upset,N-pl,3
many employers decided that it was the cousins who I think you said you thought [MASK] upset,N-pl,3
many customers understood that it was the boy who I think you said you thought [MASK] lost,N-sg,3
most leaders reported that it was the girl who I think you said you thought [MASK] lost,N-sg,3
most experts discovered that it was the patient who I think you said you thought [MASK] lost,N-sg,3
many workers indicated that it was the parent who I think you said you thought [MASK] lost,N-sg,3
many players ensured that it was the man who I think you said you thought [MASK] lost,N-sg,3
many friends insisted that it was the woman who I think you said you thought [MASK] lost,N-sg,3
many experts noticed that it was the neighbor who I think you said you thought [MASK] angry,N-sg,3
all actors announced that it was the teacher who I think you said you thought [MASK] sick,N-sg,3
some guys remembered that it was the lawyer who I think you said you thought [MASK] upset,N-sg,3
most guys imagined that it was the reporter who I think you said you thought [MASK] upset,N-sg,3
many guys admitted that it was the coach who I think you said you thought [MASK] upset,N-sg,3
the guys suspected that it was the customer who I think you said you thought [MASK] upset,N-sg,3
a naval engineer figured that it was the officer who I think you said you thought [MASK] angry,N-sg,3
an author friend revealed that it was the patron who I think you said you thought [MASK] angry,N-sg,3
an ailing friend supposed that it was the baby who I think you said you thought [MASK] sick,N-sg,3
an adopted child estimated that it was the author who I think you said you thought [MASK] upset,N-sg,3
an actual expert explained that it was the nurse who I think you said you thought [MASK] upset,N-sg,3
an active player proved that it was the instructor who I think you said you thought [MASK] upset,N-sg,3
an active leader agreed that it was the teenager who I think you said you thought [MASK] upset,N-sg,3
a mystery player feared that it was the cousin who I think you said you thought [MASK] upset,N-sg,3
a murder suspect said that it was the boys who people believe I think you said you thought [MASK] lost,N-pl,4
a motorcycle guy thought that it was the girls who people believe I think you said you thought [MASK] lost,N-pl,4
a migrant worker knew that it was the patients who people believe I think you said you thought [MASK] lost,N-pl,4
a medical worker believed that it was the parents who people believe I think you said you thought [MASK] lost,N-pl,4
a medical expert meant that it was the men who people believe I think you said you thought [MASK] lost,N-pl,4
a master gambler found that it was the women who people believe I think you said you thought [MASK] lost,N-pl,4
a man saw that it was the neighbors who people believe I think you said you thought [MASK] angry,N-pl,4
a majority owner realized that it was the teachers who people believe I think you said you thought [MASK] sick,N-pl,4
a woman suggested that it was the lawyers who people believe I think you said you thought [MASK] upset,N-pl,4
a customer hoped that it was the reporters who people believe I think you said you thought [MASK] upset,N-pl,4
a loyal customer showed that it was the coaches who people believe I think you said you thought [MASK] upset,N-pl,4
a local survivor felt that it was the customers who people believe I think you said you thought [MASK] upset,N-pl,4
a kitchen worker wished that it was the officers who people believe I think you said you thought [MASK] angry,N-pl,4
a hardheaded guy noted that it was the patrons who people believe I think you said you thought [MASK] angry,N-pl,4
a happy customer heard that it was the babies who people believe I think you said you thought [MASK] sick,N-pl,4
a guy with a gun claimed that it was the authors who people believe I think you said you thought [MASK] upset,N-pl,4
a guy my own age assumed that it was the nurses who people believe I think you said you thought [MASK] upset,N-pl,4
a guy in a truck guessed that it was the instructors who people believe I think you said you thought [MASK] upset,N-pl,4
a kid argued that it was the teenagers who people believe I think you said you thought [MASK] upset,N-pl,4
a great observer decided that it was the cousins who people believe I think you said you thought [MASK] upset,N-pl,4
a good scientist understood that it was the boy who people believe I think you said you thought [MASK] lost,N-sg,4
a good pet owner reported that it was the girl who people believe I think you said you thought [MASK] lost,N-sg,4
a good candidate discovered that it was the patient who people believe I think you said you thought [MASK] lost,N-sg,4
a golfing friend indicated that it was the parent who people believe I think you said you thought [MASK] lost,N-sg,4
a friend's child ensured that it was the man who people believe I think you said you thought [MASK] lost,N-sg,4
a friend of ours insisted that it was the woman who people believe I think you said you thought [MASK] lost,N-sg,4
a friend of mine noticed that it was the neighbor who people believe I think you said you thought [MASK] angry,N-sg,4
a friend of hers announced that it was the teacher who people believe I think you said you thought [MASK] sick,N-sg,4
a friend in need remembered that it was the lawyer who people believe I think you said you thought [MASK] upset,N-sg,4
a former suspect imagined that it was the reporter who people believe I think you said you thought [MASK] upset,N-sg,4
a foreign leader admitted that it was the coach who people believe I think you said you thought [MASK] upset,N-sg,4
a foreign expert suspected that it was the customer who people believe I think you said you thought [MASK] upset,N-sg,4
a food scientist figured that it was the officer who people believe I think you said you thought [MASK] angry,N-sg,4
a female admirer revealed that it was the patron who people believe I think you said you thought [MASK] angry,N-sg,4
a federal worker supposed that it was the baby who people believe I think you said you thought [MASK] sick,N-sg,4
a fascist leader estimated that it was the author who people believe I think you said you thought [MASK] upset,N-sg,4
a factory worker explained that it was the nurse who people believe I think you said you thought [MASK] upset,N-sg,4
a dynamic player proved that it was the instructor who people believe I think you said you thought [MASK] upset,N-sg,4
a dramatic actor agreed that it was the teenager who people believe I think you said you thought [MASK] upset,N-sg,4
someone feared that it was the cousin who people believe I think you said you thought [MASK] upset,N-sg,4
