many scientists at the nation's universities and drug companies said that it was the boys who I think [MASK] lost,N-pl,1
the children who rode bicycles or wore skates on the sidewalk thought that it was the girls who I think [MASK] lost,N-pl,1
those players hoping for a swift solution to this situation knew that it was the patients who I think [MASK] lost,N-pl,1
the owners of the sturdy barns and houses along the route believed that it was the parents who I think [MASK] lost,N-pl,1
all the closest friends and family of the bride and groom meant that it was the men who I think [MASK] lost,N-pl,1
most scientists and other authorities on the subject found that it was the women who I think [MASK] lost,N-pl,1
the scientists who conducted this study saw that it was the neighbors who I think [MASK] angry,N-pl,1
the military engineers who later studied the craft realized that it was the teachers who I think [MASK] sick,N-pl,1
the political scientists who dreamed up the study suggested that it was the lawyers who I think [MASK] upset,N-pl,1
the most powerful individuals in the country hoped that it was the reporters who I think [MASK] upset,N-pl,1
many contemporary church leaders and writers showed that it was the coaches who I think [MASK] upset,N-pl,1
the inhabitants of the occupied territories felt that it was the customers who I think [MASK] upset,N-pl,1
the guys who wouldn't touch the vegetables wished that it was the officers who I think [MASK] angry,N-pl,1
most nearsighted or farsighted individuals noted that it was the patrons who I think [MASK] angry,N-pl,1
many accomplished scientists and engineers heard that it was the babies who I think [MASK] sick,N-pl,1
all federal workers and military personnel claimed that it was the authors who I think [MASK] upset,N-pl,1
the scientists who discovered the planet assumed that it was the nurses who I think [MASK] upset,N-pl,1
the scientists who are pointing this out guessed that it was the instructors who I think [MASK] upset,N-pl,1
the most successful users of this system argued that it was the teenagers who I think [MASK] upset,N-pl,1
the entertainers dancing up on the stage decided that it was the cousins who I think [MASK] upset,N-pl,1
some guys wearing only white bath towels understood that it was the boy who I think [MASK] lost,N-sg,1
most individuals infected with the virus reported that it was the girl who I think [MASK] lost,N-sg,1
the experts we consulted for this story discovered that it was the patient who I think [MASK] lost,N-sg,1
the three children on whom she focuses indicated that it was the parent who I think [MASK] lost,N-sg,1
the scientists who ran this experiment ensured that it was the man who I think [MASK] lost,N-sg,1
the prosecution witnesses at his trial insisted that it was the woman who I think [MASK] lost,N-sg,1
many prominent scientists in the field noticed that it was the neighbor who I think [MASK] angry,N-sg,1
a redhead who held a pack of cigarettes in one hand and a lighter in the other announced that it was the teacher who I think [MASK] sick,N-sg,1
a quiet state worker who got a kick out of being married to a real live artist remembered that it was the lawyer who I think [MASK] upset,N-sg,1
a scientist who specializes in neuroscience and cognitive science imagined that it was the reporter who I think [MASK] upset,N-sg,1
an electronics engineer who also holds a degree in business administration admitted that it was the coach who I think [MASK] upset,N-sg,1
a friend who was having trouble wading trout streams because of a bad knee suspected that it was the customer who I think [MASK] upset,N-sg,1
a scientist or a mathematician who had altered history with his idea figured that it was the officer who I think [MASK] angry,N-sg,1
a gregarious guy with a full head of silver hair and a stocky frame revealed that it was the patron who I think [MASK] angry,N-sg,1
a doughy redheaded guy who had sad green eyes and wrinkled clothing supposed that it was the baby who I think [MASK] sick,N-sg,1
the individual seeking revenge because his brother had been killed estimated that it was the author who I think [MASK] upset,N-sg,1
a tall and rangy guy with stomach muscles as hard as a turtle's shell explained that it was the nurse who I think [MASK] upset,N-sg,1
a professional engineer who specializes in embedded systems design proved that it was the instructor who I think [MASK] upset,N-sg,1
an anxious young scientist packing for his first field expedition agreed that it was the teenager who I think [MASK] upset,N-sg,1
a guy who'd graduated last year and was still hanging around town feared that it was the cousin who I think [MASK] upset,N-sg,1
the engineer handling the asbestos removal from our old building said that it was the boys who I think you said [MASK] lost,N-pl,2
a world leader willing to stand up to the environmental movement thought that it was the girls who I think you said [MASK] lost,N-pl,2
a scientist who wanted nothing less than to reinvent his science knew that it was the patients who I think you said [MASK] lost,N-pl,2
a political scientist who has examined the subject painstakingly believed that it was the parents who I think you said [MASK] lost,N-pl,2
an old guy sitting at the wet bar near one end of the pool table meant that it was the men who I think you said [MASK] lost,N-pl,2
an earnest young guy in a white shortsleeved shirt and black tie found that it was the women who I think you said [MASK] lost,N-pl,2
an agricultural scientist who's introducing me to farmers nearby realized that it was the neighbors who I think you said [MASK] angry,N-pl,2
an acquaintance who had taken a dislike to his brother's fiancee realized that it was the teachers who I think you said [MASK] sick,N-pl,2
a guy with yellow board shorts and bleached blond curls knew that it was the lawyers who I think you said [MASK] upset,N-pl,2
a good friend whom she had arranged to drive her to the hospital imagined that it was the reporters who I think you said [MASK] upset,N-pl,2
a good friend whom he hasn't spoken with in more than five years showed that it was the coaches who I think you said [MASK] upset,N-pl,2
a certified behavioral expert in five different sentient species felt that it was the customers who I think you said [MASK] upset,N-pl,2
a candidate that was not the preferred candidate of the military wished that it was the officers who I think you said [MASK] angry,N-pl,2
the stranger with the clipboard standing outside his front door noted that it was the patrons who I think you said [MASK] angry,N-pl,2
the scientist of marine biology she has always dreamed of being heard that it was the babies who I think you said [MASK] sick,N-pl,2
the owner of the house and the one who had set fire to the barn thought that it was the authors who I think you said [MASK] upset,N-pl,2
the actor originally chosen for the part of the lynching victim suspected that it was the nurses who I think you said [MASK] upset,N-pl,2
a guy you go to when you have complex and intricate legal problems argued that it was the instructors who I think you said [MASK] upset,N-pl,2
a guy who wants everyone to know he's read dozens of such books supposed that it was the teenagers who I think you said [MASK] upset,N-pl,2
a guy who never did anything as complicated as this in his life decided that it was the cousins who I think you said [MASK] upset,N-pl,2
a brash young player who had been a professional for five years understood that it was the boy who I think you said [MASK] lost,N-sg,2
the school social worker who never says what she really thinks mentioned that it was the girl who I think you said [MASK] lost,N-sg,2
the project's conceptual and operational leader from the start discovered that it was the patient who I think you said [MASK] lost,N-sg,2
the only survivor who chose to speak at his sentencing hearing indicated that it was the parent who I think you said [MASK] lost,N-sg,2
the guy whose grandfather's illness caused him to miss classes ensured that it was the man who I think you said [MASK] lost,N-sg,2
most nearsighted or farsighted individuals insisted that it was the woman who I think you said [MASK] lost,N-sg,2
many accomplished scientists and engineers noticed that it was the neighbor who I think you said [MASK] angry,N-sg,2
all federal workers and military personnel announced that it was the teacher who I think you said [MASK] sick,N-sg,2
the scientists who discovered the planet remembered that it was the lawyer who I think you said [MASK] upset,N-sg,2
the scientists who are pointing this out imagined that it was the reporter who I think you said [MASK] upset,N-sg,2
the most successful users of this system admitted that it was the coach who I think you said [MASK] upset,N-sg,2
the entertainers dancing up on the stage suspected that it was the customer who I think you said [MASK] upset,N-sg,2
some guys wearing only white bath towels figured that it was the officer who I think you said [MASK] angry,N-sg,2
most individuals infected with the virus revealed that it was the patron who I think you said [MASK] angry,N-sg,2
the experts we consulted for this story supposed that it was the baby who I think you said [MASK] sick,N-sg,2
the three children on whom she focused estimated that it was the author who I think you said [MASK] upset,N-sg,2
the scientists who ran this experiment explained that it was the nurse who I think you said [MASK] upset,N-sg,2
the prosecution witnesses at his trial proved that it was the instructor who I think you said [MASK] upset,N-sg,2
many prominent scientists in the field agreed that it was the teenager who I think you said [MASK] upset,N-sg,2
some workers at the newspaper feared that it was the cousin who I think you said [MASK] upset,N-sg,2
many of the counterterrorism experts said that it was the boys who I think you said you thought [MASK] lost,N-pl,3
all of the remaining contestants who were males thought that it was the girls who I think you said you thought [MASK] lost,N-pl,3
the young guys who were running in the street knew that it was the patients who I think you said you thought [MASK] lost,N-pl,3
three of the remaining basketball players believed that it was the parents who I think you said you thought [MASK] lost,N-pl,3
both the suspects and the victims meant that it was the men who I think you said you thought [MASK] lost,N-pl,3
these scientists and artists who we interviewed found that it was the women who I think you said you thought [MASK] lost,N-pl,3
the retired military leaders in the room saw that it was the neighbors who I think you said you thought [MASK] angry,N-pl,3
at least half of the the nation's federal workers realized that it was the teachers who I think you said you thought [MASK] sick,N-pl,3
at least some of the local church authorities suggested that it was the lawyers who I think you said you thought [MASK] upset,N-pl,3
many scientists at the nation's universities and drug companies hoped that it was the reporters who I think you said you thought [MASK] upset,N-pl,3
the children who rode bicycles or wore skates on the sidewalk showed that it was the coaches who I think you said you thought [MASK] upset,N-pl,3
those players hoping for a swift solution to this situation felt that it was the customers who I think you said you thought [MASK] upset,N-pl,3
the owners of the sturdy barns and houses along the route wished that it was the officers who I think you said you thought [MASK] angry,N-pl,3
all the closest friends and family of the bride and groom noted that it was the patrons who I think you said you thought [MASK] angry,N-pl,3
most scientists and other authorities on the subject heard that it was the babies who I think you said you thought [MASK] sick,N-pl,3
the scientists who conducted this study claimed that it was the authors who I think you said you thought [MASK] upset,N-pl,3
the military engineers who later studied the craft assumed that it was the nurses who I think you said you thought [MASK] upset,N-pl,3
the political scientists who dreamed up the study guessed that it was the instructors who I think you said you thought [MASK] upset,N-pl,3
the most powerful individuals in the country argued that it was the teenagers who I think you said you thought [MASK] upset,N-pl,3
many contemporary church leaders and writers decided that it was the cousins who I think you said you thought [MASK] upset,N-pl,3
the inhabitants of the occupied territories understood that it was the boy who I think you said you thought [MASK] lost,N-sg,3
the guys who wouldn't touch the vegetables reported that it was the girl who I think you said you thought [MASK] lost,N-sg,3
most nearsighted or farsighted individuals discovered that it was the patient who I think you said you thought [MASK] lost,N-sg,3
many accomplished scientists and engineers indicated that it was the parent who I think you said you thought [MASK] lost,N-sg,3
all federal workers and military personnel ensured that it was the man who I think you said you thought [MASK] lost,N-sg,3
the scientists who discovered the planet insisted that it was the woman who I think you said you thought [MASK] lost,N-sg,3
the scientists who are pointing this out noticed that it was the neighbor who I think you said you thought [MASK] angry,N-sg,3
the most successful users of this system announced that it was the teacher who I think you said you thought [MASK] sick,N-sg,3
the entertainers dancing up on the stage remembered that it was the lawyer who I think you said you thought [MASK] upset,N-sg,3
some guys wearing only white bath towels imagined that it was the reporter who I think you said you thought [MASK] upset,N-sg,3
most individuals infected with the virus admitted that it was the coach who I think you said you thought [MASK] upset,N-sg,3
the experts we consulted for this story suspected that it was the customer who I think you said you thought [MASK] upset,N-sg,3
the three children on whom she focuses figured that it was the officer who I think you said you thought [MASK] angry,N-sg,3
the scientists who ran this experiment revealed that it was the patron who I think you said you thought [MASK] angry,N-sg,3
the prosecution witnesses at his trial supposed that it was the baby who I think you said you thought [MASK] sick,N-sg,3
many prominent scientists in the field estimated that it was the author who I think you said you thought [MASK] upset,N-sg,3
a redhead who held a pack of cigarettes in one hand and a lighter in the other explained that it was the nurse who I think you said you thought [MASK] upset,N-sg,3
a quiet state worker who got a kick out of being married to a real live artist proved that it was the instructor who I think you said you thought [MASK] upset,N-sg,3
a scientist who specializes in neuroscience and cognitive science agreed that it was the teenager who I think you said you thought [MASK] upset,N-sg,3
an electronics engineer who also holds a degree in business administration feared that it was the cousin who I think you said you thought [MASK] upset,N-sg,3
a friend who was having trouble wading trout streams because of a bad knee said that it was the boys who people believe I think you said you thought [MASK] lost,N-pl,4
a scientist or a mathematician who had altered history with his idea thought that it was the girls who people believe I think you said you thought [MASK] lost,N-pl,4
a gregarious guy with a full head of silver hair and a stocky frame knew that it was the patients who people believe I think you said you thought [MASK] lost,N-pl,4
a doughy redheaded guy who had sad green eyes and wrinkled clothing believed that it was the parents who people believe I think you said you thought [MASK] lost,N-pl,4
the individual seeking revenge because his brother had been killed meant that it was the men who people believe I think you said you thought [MASK] lost,N-pl,4
a tall and rangy guy with stomach muscles as hard as a turtle's shell found that it was the women who people believe I think you said you thought [MASK] lost,N-pl,4
a professional engineer who specializes in embedded systems design saw that it was the neighbors who people believe I think you said you thought [MASK] angry,N-pl,4
an anxious young scientist packing for his first field expedition realized that it was the teachers who people believe I think you said you thought [MASK] sick,N-pl,4
a guy who'd graduated last year and was still hanging around town suggested that it was the lawyers who people believe I think you said you thought [MASK] upset,N-pl,4
the engineer handling the asbestos removal from our old building hoped that it was the reporters who people believe I think you said you thought [MASK] upset,N-pl,4
a world leader willing to stand up to the environmental movement showed that it was the coaches who people believe I think you said you thought [MASK] upset,N-pl,4
a scientist who wanted nothing less than to reinvent his science felt that it was the customers who people believe I think you said you thought [MASK] upset,N-pl,4
a political scientist who has examined the subject painstakingly wished that it was the officers who people believe I think you said you thought [MASK] angry,N-pl,4
an old guy sitting at the wet bar near one end of the pool table noted that it was the patrons who people believe I think you said you thought [MASK] angry,N-pl,4
an earnest young guy in a white shortsleeved shirt and black tie heard that it was the babies who people believe I think you said you thought [MASK] sick,N-pl,4
an agricultural scientist who's introducing me to farmers nearby claimed that it was the authors who people believe I think you said you thought [MASK] upset,N-pl,4
an acquaintance who had taken a dislike to his brother's fiancee assumed that it was the nurses who people believe I think you said you thought [MASK] upset,N-pl,4
a guy in bare feet and with bleached blond curls guessed that it was the instructors who people believe I think you said you thought [MASK] upset,N-pl,4
a good friend whom she had arranged to drive her to the hospital argued that it was the teenagers who people believe I think you said you thought [MASK] upset,N-pl,4
a good friend whom he hasn't spoken with in more than five years decided that it was the cousins who people believe I think you said you thought [MASK] upset,N-pl,4
a certified behavioral expert in five different sentient species understood that it was the boy who people believe I think you said you thought [MASK] lost,N-sg,4
a candidate that was not the preferred candidate of the military reported that it was the girl who people believe I think you said you thought [MASK] lost,N-sg,4
the stranger with the clipboard standing outside his front door discovered that it was the patient who people believe I think you said you thought [MASK] lost,N-sg,4
the scientist of marine biology she has always dreamed of being indicated that it was the parent who people believe I think you said you thought [MASK] lost,N-sg,4
the owner of the house and the one who had set fire to the barn ensured that it was the man who people believe I think you said you thought [MASK] lost,N-sg,4
the actor originally chosen for the part of the lynching victim insisted that it was the woman who people believe I think you said you thought [MASK] lost,N-sg,4
a guy you go to when you have intricate legal problems noticed that it was the neighbor who people believe I think you said you thought [MASK] angry,N-sg,4
a guy who wants everyone to know he's read dozens of such books announced that it was the teacher who people believe I think you said you thought [MASK] sick,N-sg,4
a guy who never did anything as complicated as this in his life remembered that it was the lawyer who people believe I think you said you thought [MASK] upset,N-sg,4
a brash young player who had been a professional for five years imagined that it was the reporter who people believe I think you said you thought [MASK] upset,N-sg,4
the school social worker who never says what she really thinks admitted that it was the coach who people believe I think you said you thought [MASK] upset,N-sg,4
the project's conceptual and operational leader from the start suspected that it was the customer who people believe I think you said you thought [MASK] upset,N-sg,4
the only survivor who chose to speak at his sentencing hearing figured that it was the officer who people believe I think you said you thought [MASK] angry,N-sg,4
the guy whose grandfather's illness caused him to miss classes revealed that it was the patron who people believe I think you said you thought [MASK] angry,N-sg,4
most nearsighted or farsighted individuals supposed that it was the baby who people believe I think you said you thought [MASK] sick,N-sg,4
many accomplished scientists and engineers estimated that it was the author who people believe I think you said you thought [MASK] upset,N-sg,4
all federal workers and military personnel explained that it was the nurse who people believe I think you said you thought [MASK] upset,N-sg,4
the scientists who discovered the planet proved that it was the instructor who people believe I think you said you thought [MASK] upset,N-sg,4
the scientists who are pointing this out agreed that it was the teenager who people believe I think you said you thought [MASK] upset,N-sg,4
the most successful users of this system feared thatit was the cousin who people believe I think you said you thought [MASK] upset,N-sg,4
